Date,Shift,Dryer_ID,Planned_Time_Min,Downtime_Min,Blocked_Starved_Min,Ideal_Rate_BDT_Hr,Output_BDT,Rework_BDT,Fines_BDT
2026-01-01,Day,DRYER_1,720,93,0,26.0,240.02,8.61,2.01
2026-01-01,Day,DRYER_2,720,97,0,29.0,255.68,8.96,3.84
2026-01-01,Night,DRYER_1,720,240,0,26.0,174.3,7.43,1.34
2026-01-01,Night,DRYER_2,720,50,86,29.0,237.77,8.13,2.48
2026-01-02,Day,DRYER_1,720,27,0,26.0,253.64,6.62,3.55
2026-01-02,Day,DRYER_2,720,10,0,29.0,299.45,9.59,3.36
2026-01-02,Night,DRYER_1,720,16,33,26.0,265.09,7.81,3.86
2026-01-02,Night,DRYER_2,720,59,0,29.0,275.17,11.02,1.84
2026-01-03,Day,DRYER_1,720,47,56,26.0,231.12,8.67,2.64
2026-01-03,Day,DRYER_2,720,14,0,29.0,301.37,8.04,3.91
2026-01-03,Night,DRYER_1,720,28,47,26.0,241.96,7.78,4.13
2026-01-03,Night,DRYER_2,720,87,0,29.0,264.06,12.11,0.62
2026-01-04,Day,DRYER_1,720,24,0,26.0,266.14,6.44,1.42
2026-01-04,Day,DRYER_2,720,33,87,29.0,249.16,7.59,3.1
2026-01-04,Night,DRYER_1,720,86,21,26.0,243.08,5.99,3.33
2026-01-04,Night,DRYER_2,720,34,0,29.0,287.54,8.28,2.66
2026-01-05,Day,DRYER_1,720,112,0,26.0,238.45,9.45,4.06
2026-01-05,Day,DRYER_2,720,64,101,29.0,239.88,7.19,3.01
2026-01-05,Night,DRYER_1,720,7,143,26.0,219.7,3.2,2.38
2026-01-05,Night,DRYER_2,720,251,70,29.0,167.55,4.6,1.69
2026-01-06,Day,DRYER_1,720,36,0,26.0,259.95,7.09,3.32
2026-01-06,Day,DRYER_2,720,90,0,29.0,263.05,11.64,2.39
2026-01-06,Night,DRYER_1,720,24,0,26.0,265.44,7.59,3.88
2026-01-06,Night,DRYER_2,720,12,0,29.0,292.75,9.54,2.7
2026-01-07,Day,DRYER_1,720,45,0,26.0,253.95,7.69,3.24
2026-01-07,Day,DRYER_2,720,44,69,29.0,256.78,6.21,1.62
2026-01-07,Night,DRYER_1,720,192,53,26.0,182.35,5.81,2.86
2026-01-07,Night,DRYER_2,720,17,19,29.0,280.16,5.68,4.56
2026-01-08,Day,DRYER_1,720,7,0,26.0,268.33,5.81,1.49
2026-01-08,Day,DRYER_2,720,63,50,29.0,255.63,7.34,2.18
2026-01-08,Night,DRYER_1,720,26,0,26.0,258.91,7.37,2.6
2026-01-08,Night,DRYER_2,720,19,0,29.0,306.83,8.18,3.05
2026-01-09,Day,DRYER_1,720,12,0,26.0,265.71,6.83,3.58
2026-01-09,Day,DRYER_2,720,72,0,29.0,270.05,5.22,2.89
2026-01-09,Night,DRYER_1,720,27,0,26.0,248.54,9.97,1.53
2026-01-09,Night,DRYER_2,720,35,0,29.0,285.81,6.38,1.33
2026-01-10,Day,DRYER_1,720,164,0,26.0,205.83,7.78,2.79
2026-01-10,Day,DRYER_2,720,155,50,29.0,219.35,4.93,2.42
2026-01-10,Night,DRYER_1,720,91,19,26.0,232.96,7.07,2.95
2026-01-10,Night,DRYER_2,720,0,23,29.0,287.18,6.64,3.14
2026-01-11,Day,DRYER_1,240,0,137,26.0,38.08,0.8,0.51
2026-01-11,Day,DRYER_2,240,174,0,29.0,27.8,0.69,0.23
2026-01-11,Night,DRYER_1,720,9,212,26.0,182.81,3.7,1.67
2026-01-11,Night,DRYER_2,720,18,0,29.0,298.6,8.95,1.17
2026-01-12,Day,DRYER_1,720,39,0,26.0,255.97,9.01,2.13
2026-01-12,Day,DRYER_2,720,56,0,29.0,289.45,8.26,5.87
2026-01-12,Night,DRYER_1,720,35,0,26.0,267.69,7.62,3.73
2026-01-12,Night,DRYER_2,720,8,0,29.0,300.97,4.42,4.02
2026-01-13,Day,DRYER_1,720,263,200,26.0,97.73,2.52,1.22
2026-01-13,Day,DRYER_2,720,77,0,29.0,263.85,6.8,2.61
2026-01-13,Night,DRYER_1,720,59,0,26.0,249.57,9.74,3.13
2026-01-13,Night,DRYER_2,720,13,27,29.0,284.04,5.5,2.78
2026-01-14,Day,DRYER_1,720,15,81,26.0,234.72,6.23,1.76
2026-01-14,Day,DRYER_2,720,23,20,29.0,293.63,6.15,3.64
2026-01-14,Night,DRYER_1,720,57,82,26.0,223.41,5.71,3.93
2026-01-14,Night,DRYER_2,720,11,51,29.0,290.11,10.03,5.12
2026-01-15,Day,DRYER_1,720,66,0,26.0,261.12,8.25,3.03
2026-01-15,Day,DRYER_2,720,8,0,29.0,294.39,4.93,1.87
2026-01-15,Night,DRYER_1,720,76,145,26.0,183.46,6.99,2.32
2026-01-15,Night,DRYER_2,720,12,137,29.0,241.31,7.17,1.78
2026-01-16,Day,DRYER_1,720,86,0,26.0,238.69,8.38,2.52
2026-01-16,Day,DRYER_2,720,80,58,29.0,243.73,6.87,2.05
2026-01-16,Night,DRYER_1,720,159,0,26.0,207.6,5.43,1.03
2026-01-16,Night,DRYER_2,720,9,12,29.0,289.38,5.8,4.33
2026-01-17,Day,DRYER_1,720,115,46,26.0,214.74,8.28,2.17
2026-01-17,Day,DRYER_2,720,54,0,29.0,282.99,8.01,2.81
2026-01-17,Night,DRYER_1,720,117,0,26.0,232.74,8.5,2.15
2026-01-17,Night,DRYER_2,720,114,40,29.0,241.66,8.3,2.86
2026-01-18,Day,DRYER_1,720,31,0,26.0,257.57,6.25,1.54
2026-01-18,Day,DRYER_2,720,20,0,29.0,295.26,6.96,3.35
2026-01-18,Night,DRYER_1,720,37,0,26.0,253.48,13.52,2.24
2026-01-18,Night,DRYER_2,720,26,77,29.0,256.51,6.54,4.99
2026-01-19,Day,DRYER_1,720,39,0,26.0,257.01,10.5,0.88
2026-01-19,Day,DRYER_2,720,34,11,29.0,288.66,9.99,3.37
2026-01-19,Night,DRYER_1,720,28,14,26.0,258.77,5.08,2.22
2026-01-19,Night,DRYER_2,720,49,75,29.0,246.76,7.99,2.53
2026-01-20,Day,DRYER_1,720,84,0,26.0,238.01,9.31,2.08
2026-01-20,Day,DRYER_2,720,18,0,29.0,292.95,5.8,4.37
2026-01-20,Night,DRYER_1,720,32,37,26.0,241.49,6.97,2.91
2026-01-20,Night,DRYER_2,720,23,0,29.0,282.33,9.71,3.03
2026-01-21,Day,DRYER_1,720,37,0,26.0,273.61,8.96,2.59
2026-01-21,Day,DRYER_2,720,62,0,29.0,283.85,10.11,2.61
2026-01-21,Night,DRYER_1,720,44,189,26.0,183.03,6.5,3.76
2026-01-21,Night,DRYER_2,720,21,0,29.0,295.86,8.73,3.22
2026-01-22,Day,DRYER_1,720,27,50,26.0,255.63,11.08,2.79
2026-01-22,Day,DRYER_2,720,36,0,29.0,284.16,6.53,2.84
2026-01-22,Night,DRYER_1,720,43,0,26.0,261.02,5.97,0.69
2026-01-22,Night,DRYER_2,720,17,0,29.0,299.04,6.5,2.83
2026-01-23,Day,DRYER_1,720,51,46,26.0,221.94,7.35,3.69
2026-01-23,Day,DRYER_2,720,40,0,29.0,284.71,11.34,3.71
2026-01-23,Night,DRYER_1,720,52,0,26.0,240.42,6.71,2.46
2026-01-23,Night,DRYER_2,720,67,42,29.0,259.83,10.02,4.06
2026-01-24,Day,DRYER_1,720,62,0,26.0,246.36,7.2,3.3
2026-01-24,Day,DRYER_2,720,38,103,29.0,244.35,5.52,1.97
2026-01-24,Night,DRYER_1,720,84,66,26.0,217.14,6.89,2.0
2026-01-24,Night,DRYER_2,720,43,66,29.0,255.52,9.0,2.72
2026-01-25,Day,DRYER_1,240,64,30,26.0,55.53,1.25,0.79
2026-01-25,Day,DRYER_2,240,4,0,29.0,101.82,0.95,1.14
2026-01-25,Night,DRYER_1,720,117,0,26.0,228.95,7.88,2.4
2026-01-25,Night,DRYER_2,720,77,0,29.0,283.15,10.88,5.8
2026-01-26,Day,DRYER_1,720,5,0,26.0,273.88,4.93,1.79
2026-01-26,Day,DRYER_2,720,22,59,29.0,261.69,6.56,0.8
2026-01-26,Night,DRYER_1,720,58,0,26.0,248.42,7.91,3.91
2026-01-26,Night,DRYER_2,720,22,0,29.0,297.16,6.16,5.35
2026-01-27,Day,DRYER_1,720,29,0,26.0,265.17,7.9,4.21
2026-01-27,Day,DRYER_2,720,41,122,29.0,242.96,6.51,2.77
2026-01-27,Night,DRYER_1,720,94,0,26.0,232.95,6.26,2.41
2026-01-27,Night,DRYER_2,720,42,0,29.0,282.54,10.22,2.76
2026-01-28,Day,DRYER_1,720,55,0,26.0,255.93,3.94,3.71
2026-01-28,Day,DRYER_2,720,15,0,29.0,300.3,4.71,2.61
2026-01-28,Night,DRYER_1,720,74,91,26.0,203.57,8.33,0.96
2026-01-28,Night,DRYER_2,720,70,50,29.0,270.33,6.57,2.72
2026-01-29,Day,DRYER_1,720,93,0,26.0,237.5,8.29,4.33
2026-01-29,Day,DRYER_2,720,29,0,29.0,292.27,10.22,1.21
2026-01-29,Night,DRYER_1,720,95,27,26.0,226.14,7.86,1.9
2026-01-29,Night,DRYER_2,720,11,0,29.0,298.13,10.14,2.94
2026-01-30,Day,DRYER_1,720,37,43,26.0,256.61,9.53,2.16
2026-01-30,Day,DRYER_2,720,52,0,29.0,281.46,7.45,3.74
2026-01-30,Night,DRYER_1,720,199,9,26.0,190.23,7.36,2.01
2026-01-30,Night,DRYER_2,720,47,95,29.0,242.99,5.65,5.08
2026-01-31,Day,DRYER_1,720,78,0,26.0,245.5,7.18,2.45
2026-01-31,Day,DRYER_2,720,61,37,29.0,251.98,10.59,3.76
2026-01-31,Night,DRYER_1,720,15,98,26.0,224.77,6.61,3.02
2026-01-31,Night,DRYER_2,720,35,27,29.0,275.91,5.54,5.05
2026-02-01,Day,DRYER_1,720,16,0,26.0,269.99,9.44,2.64
2026-02-01,Day,DRYER_2,720,29,0,29.0,310.0,10.69,1.68
2026-02-01,Night,DRYER_1,720,17,0,26.0,259.75,6.33,3.3
2026-02-01,Night,DRYER_2,720,327,79,29.0,132.57,4.49,1.21
2026-02-02,Day,DRYER_1,720,87,0,26.0,239.84,9.91,1.68
2026-02-02,Day,DRYER_2,720,34,0,29.0,289.07,7.87,2.73
2026-02-02,Night,DRYER_1,720,32,69,26.0,224.83,3.67,2.02
2026-02-02,Night,DRYER_2,720,15,0,29.0,303.19,7.37,1.29
2026-02-03,Day,DRYER_1,720,113,39,26.0,218.78,4.57,1.5
2026-02-03,Day,DRYER_2,720,55,0,29.0,278.95,12.71,3.41
2026-02-03,Night,DRYER_1,720,42,226,26.0,170.22,4.34,1.95
2026-02-03,Night,DRYER_2,720,55,62,29.0,251.59,9.09,3.43
2026-02-04,Day,DRYER_1,720,16,0,26.0,260.59,9.88,2.58
2026-02-04,Day,DRYER_2,720,49,0,29.0,277.36,7.71,4.47
2026-02-04,Night,DRYER_1,720,84,39,26.0,221.59,7.38,4.07
2026-02-04,Night,DRYER_2,720,88,112,29.0,209.72,7.34,0.93
2026-02-05,Day,DRYER_1,720,73,0,26.0,252.99,8.73,3.24
2026-02-05,Day,DRYER_2,720,74,27,29.0,270.34,12.55,3.08
2026-02-05,Night,DRYER_1,720,151,0,26.0,207.04,7.2,3.17
2026-02-05,Night,DRYER_2,720,14,0,29.0,299.98,7.68,5.44
2026-02-06,Day,DRYER_1,720,540,0,26.0,67.71,1.81,0.28
2026-02-06,Day,DRYER_2,720,36,0,29.0,293.64,6.79,1.1
2026-02-06,Night,DRYER_1,720,70,86,26.0,205.85,5.91,2.14
2026-02-06,Night,DRYER_2,720,113,0,29.0,253.81,7.96,2.75
2026-02-07,Day,DRYER_1,720,93,0,26.0,226.78,9.12,0.94
2026-02-07,Day,DRYER_2,720,13,0,29.0,302.35,9.28,2.34
2026-02-07,Night,DRYER_1,720,36,28,26.0,246.7,9.16,2.89
2026-02-07,Night,DRYER_2,720,234,70,29.0,178.05,3.05,0.57
2026-02-08,Day,DRYER_1,240,4,34,26.0,74.4,1.28,0.25
2026-02-08,Day,DRYER_2,240,0,0,29.0,97.84,1.42,0.61
2026-02-08,Night,DRYER_1,720,43,82,26.0,220.5,6.07,1.36
2026-02-08,Night,DRYER_2,720,14,0,29.0,302.01,11.04,4.96
2026-02-09,Day,DRYER_1,720,94,38,26.0,222.83,7.87,2.23
2026-02-09,Day,DRYER_2,720,54,0,29.0,285.97,9.97,3.17
2026-02-09,Night,DRYER_1,720,80,0,26.0,238.49,8.65,3.77
2026-02-09,Night,DRYER_2,720,22,0,29.0,276.62,5.77,3.23
2026-02-10,Day,DRYER_1,720,67,135,26.0,193.14,7.47,1.83
2026-02-10,Day,DRYER_2,720,30,0,29.0,294.79,10.2,2.41
2026-02-10,Night,DRYER_1,720,64,0,26.0,244.84,7.24,2.68
2026-02-10,Night,DRYER_2,720,82,0,29.0,277.62,8.0,3.53
2026-02-11,Day,DRYER_1,720,47,0,26.0,269.0,7.34,0.9
2026-02-11,Day,DRYER_2,720,78,25,29.0,267.46,10.53,1.94
2026-02-11,Night,DRYER_1,720,51,0,26.0,252.29,6.55,1.35
2026-02-11,Night,DRYER_2,720,32,0,29.0,288.12,12.2,3.48
2026-02-12,Day,DRYER_1,720,31,0,26.0,266.66,8.34,2.67
2026-02-12,Day,DRYER_2,720,42,79,29.0,262.18,7.07,2.16
2026-02-12,Night,DRYER_1,720,12,61,26.0,244.13,5.11,2.14
2026-02-12,Night,DRYER_2,720,47,37,29.0,271.84,7.31,4.02
2026-02-13,Day,DRYER_1,720,22,0,26.0,254.93,4.28,3.59
2026-02-13,Day,DRYER_2,720,34,0,29.0,285.34,11.01,3.03
2026-02-13,Night,DRYER_1,720,98,0,26.0,243.35,7.18,2.85
2026-02-13,Night,DRYER_2,720,25,75,29.0,263.63,6.72,3.5
2026-02-14,Day,DRYER_1,720,213,291,26.0,80.45,2.7,0.75
2026-02-14,Day,DRYER_2,720,70,29,29.0,255.22,5.53,1.99
2026-02-14,Night,DRYER_1,720,35,0,26.0,255.39,8.97,2.68
2026-02-14,Night,DRYER_2,720,32,0,29.0,292.81,8.7,2.42
2026-02-15,Day,DRYER_1,720,129,0,26.0,219.48,7.0,3.29
2026-02-15,Day,DRYER_2,720,75,18,29.0,265.68,9.52,2.49
2026-02-15,Night,DRYER_1,720,37,0,26.0,261.26,9.35,3.38
2026-02-15,Night,DRYER_2,720,43,89,29.0,248.71,5.98,3.14
2026-02-16,Day,DRYER_1,720,34,0,26.0,262.54,5.5,3.66
2026-02-16,Day,DRYER_2,720,222,72,29.0,183.4,4.44,2.02
2026-02-16,Night,DRYER_1,720,33,0,26.0,261.53,5.11,4.12
2026-02-16,Night,DRYER_2,720,184,0,29.0,222.15,9.49,3.02
2026-02-17,Day,DRYER_1,720,206,0,26.0,202.79,7.48,2.58
2026-02-17,Day,DRYER_2,720,19,0,29.0,299.54,8.93,3.43
2026-02-17,Night,DRYER_1,720,123,59,26.0,205.29,5.47,1.74
2026-02-17,Night,DRYER_2,720,34,0,29.0,282.22,6.86,3.6
2026-02-18,Day,DRYER_1,720,80,0,26.0,245.65,7.99,2.55
2026-02-18,Day,DRYER_2,720,36,76,29.0,254.94,6.04,2.68
2026-02-18,Night,DRYER_1,720,67,0,26.0,239.27,10.39,2.43
2026-02-18,Night,DRYER_2,720,27,0,29.0,291.6,6.35,3.31
2026-02-19,Day,DRYER_1,720,64,0,26.0,249.4,6.33,2.15
2026-02-19,Day,DRYER_2,720,27,0,29.0,293.36,11.13,2.84
2026-02-19,Night,DRYER_1,720,20,0,26.0,269.96,6.32,3.69
2026-02-19,Night,DRYER_2,720,0,59,29.0,288.86,4.92,4.0
2026-02-20,Day,DRYER_1,720,69,51,26.0,227.19,10.34,3.54
2026-02-20,Day,DRYER_2,720,33,0,29.0,301.08,3.96,5.09
2026-02-20,Night,DRYER_1,720,138,0,26.0,211.0,5.48,3.76
2026-02-20,Night,DRYER_2,720,22,0,29.0,301.69,6.48,3.31
2026-02-21,Day,DRYER_1,720,126,0,26.0,226.31,7.6,3.23
2026-02-21,Day,DRYER_2,720,65,0,29.0,281.25,10.42,4.18
2026-02-21,Night,DRYER_1,720,92,0,26.0,232.09,7.82,1.13
2026-02-21,Night,DRYER_2,720,95,138,29.0,200.28,5.5,2.05
2026-02-22,Day,DRYER_1,240,17,86,26.0,52.03,1.11,0.28
2026-02-22,Day,DRYER_2,240,36,0,29.0,87.97,2.19,0.79
2026-02-22,Night,DRYER_1,720,53,44,26.0,233.87,5.76,2.35
2026-02-22,Night,DRYER_2,720,63,0,29.0,291.02,11.05,3.77
2026-02-23,Day,DRYER_1,720,53,0,26.0,255.47,6.62,2.43
2026-02-23,Day,DRYER_2,720,106,0,29.0,269.6,3.26,1.75
2026-02-23,Night,DRYER_1,720,34,0,26.0,248.02,5.89,2.39
2026-02-23,Night,DRYER_2,720,163,39,29.0,217.88,8.78,2.37
2026-02-24,Day,DRYER_1,720,161,0,26.0,210.65,7.45,1.72
2026-02-24,Day,DRYER_2,720,116,0,29.0,247.99,7.55,1.41
2026-02-24,Night,DRYER_1,720,19,140,26.0,218.17,5.78,1.29
2026-02-24,Night,DRYER_2,720,78,70,29.0,245.94,8.08,3.33
2026-02-25,Day,DRYER_1,720,36,95,26.0,217.74,8.85,3.48
2026-02-25,Day,DRYER_2,720,53,92,29.0,250.3,4.29,1.75
2026-02-25,Night,DRYER_1,720,63,0,26.0,243.84,6.7,2.9
2026-02-25,Night,DRYER_2,720,65,256,29.0,174.84,5.02,1.64
2026-02-26,Day,DRYER_1,720,137,19,26.0,212.86,7.03,2.56
2026-02-26,Day,DRYER_2,720,25,29,29.0,290.1,8.97,4.17
2026-02-26,Night,DRYER_1,720,140,35,26.0,215.86,6.6,2.43
2026-02-26,Night,DRYER_2,720,133,0,29.0,245.05,7.47,3.59
2026-02-27,Day,DRYER_1,720,54,0,26.0,261.83,5.81,0.77
2026-02-27,Day,DRYER_2,720,131,82,29.0,223.85,6.76,1.48
2026-02-27,Night,DRYER_1,720,106,0,26.0,233.58,8.11,2.88
2026-02-27,Night,DRYER_2,720,76,77,29.0,252.38,6.88,2.54
2026-02-28,Day,DRYER_1,720,305,0,26.0,152.53,4.74,1.6
2026-02-28,Day,DRYER_2,720,39,0,29.0,286.03,6.99,4.64
2026-02-28,Night,DRYER_1,720,30,0,26.0,248.64,8.33,3.3
2026-02-28,Night,DRYER_2,720,205,42,29.0,205.32,7.35,3.03
2026-03-01,Day,DRYER_1,720,17,0,26.0,270.64,6.49,3.11
2026-03-01,Day,DRYER_2,720,39,23,29.0,290.83,6.49,2.93
2026-03-01,Night,DRYER_1,720,131,70,26.0,190.93,7.04,1.79
2026-03-01,Night,DRYER_2,720,142,0,29.0,250.64,7.61,1.73
2026-03-02,Day,DRYER_1,720,34,0,26.0,271.66,10.52,4.02
2026-03-02,Day,DRYER_2,720,96,31,29.0,262.64,7.05,2.91
2026-03-02,Night,DRYER_1,720,143,0,26.0,207.54,5.82,1.43
2026-03-02,Night,DRYER_2,720,123,0,29.0,259.08,9.29,3.65
2026-03-03,Day,DRYER_1,720,55,61,26.0,237.23,8.63,2.84
2026-03-03,Day,DRYER_2,720,11,0,29.0,300.42,10.89,5.08
2026-03-03,Night,DRYER_1,720,38,0,26.0,266.51,7.08,0.27
2026-03-03,Night,DRYER_2,720,20,0,29.0,286.61,9.49,3.54
2026-03-04,Day,DRYER_1,720,151,0,26.0,214.44,5.89,3.03
2026-03-04,Day,DRYER_2,720,105,12,29.0,246.37,7.13,3.85
2026-03-04,Night,DRYER_1,720,191,147,26.0,137.87,4.15,0.61
2026-03-04,Night,DRYER_2,720,64,75,29.0,243.7,5.62,0.97
2026-03-05,Day,DRYER_1,720,48,26,26.0,248.15,9.14,3.33
2026-03-05,Day,DRYER_2,720,30,0,29.0,305.55,8.28,5.21
2026-03-05,Night,DRYER_1,720,55,80,26.0,220.62,8.1,1.49
2026-03-05,Night,DRYER_2,720,66,0,29.0,271.42,8.43,2.46
2026-03-06,Day,DRYER_1,720,47,0,26.0,259.4,8.44,2.15
2026-03-06,Day,DRYER_2,720,83,0,29.0,279.44,4.42,2.94
2026-03-06,Night,DRYER_1,720,67,0,26.0,244.56,8.96,2.9
2026-03-06,Night,DRYER_2,720,31,0,29.0,308.9,9.79,5.81
2026-03-07,Day,DRYER_1,720,21,28,26.0,262.23,6.79,1.81
2026-03-07,Day,DRYER_2,720,35,95,29.0,253.39,7.16,1.72
2026-03-07,Night,DRYER_1,720,47,0,26.0,251.5,9.61,4.0
2026-03-07,Night,DRYER_2,720,34,33,29.0,286.81,11.83,3.23
2026-03-08,Day,DRYER_1,240,3,0,26.0,92.91,1.7,0.8
2026-03-08,Day,DRYER_2,240,20,0,29.0,94.33,1.03,1.22
2026-03-08,Night,DRYER_1,720,117,202,26.0,149.01,4.98,1.76
2026-03-08,Night,DRYER_2,720,17,23,29.0,290.74,8.38,3.71
2026-03-09,Day,DRYER_1,720,76,0,26.0,256.03,7.31,1.89
2026-03-09,Day,DRYER_2,720,34,0,29.0,298.82,5.05,2.9
2026-03-09,Night,DRYER_1,720,80,184,26.0,167.02,6.55,2.64
2026-03-09,Night,DRYER_2,720,94,0,29.0,264.96,7.82,2.68
2026-03-10,Day,DRYER_1,720,25,62,26.0,242.25,5.33,2.45
2026-03-10,Day,DRYER_2,720,25,0,29.0,299.13,9.56,2.26
2026-03-10,Night,DRYER_1,720,36,21,26.0,244.63,8.18,2.67
2026-03-10,Night,DRYER_2,720,49,50,29.0,275.64,10.2,1.84
2026-03-11,Day,DRYER_1,720,94,153,26.0,184.62,3.43,1.49
2026-03-11,Day,DRYER_2,720,11,47,29.0,305.9,11.41,4.39
2026-03-11,Night,DRYER_1,720,64,0,26.0,254.87,6.61,2.61
2026-03-11,Night,DRYER_2,720,3,0,29.0,293.45,5.29,3.83
2026-03-12,Day,DRYER_1,720,12,0,26.0,278.75,4.95,4.55
2026-03-12,Day,DRYER_2,720,7,145,29.0,247.56,7.04,2.58
2026-03-12,Night,DRYER_1,720,46,0,26.0,246.03,11.0,3.61
2026-03-12,Night,DRYER_2,720,71,0,29.0,290.96,10.86,3.79
2026-03-13,Day,DRYER_1,720,41,78,26.0,233.84,7.15,2.29
2026-03-13,Day,DRYER_2,720,81,86,29.0,232.87,7.56,2.58
2026-03-13,Night,DRYER_1,720,68,172,26.0,173.44,4.66,2.66
2026-03-13,Night,DRYER_2,720,38,0,29.0,304.17,9.66,1.19
2026-03-14,Day,DRYER_1,720,96,92,26.0,208.57,5.09,1.46
2026-03-14,Day,DRYER_2,720,27,0,29.0,307.71,9.93,3.45
2026-03-14,Night,DRYER_1,720,121,0,26.0,225.3,4.99,2.85
2026-03-14,Night,DRYER_2,720,59,0,29.0,288.17,8.58,2.07
2026-03-15,Day,DRYER_1,720,25,0,26.0,282.81,9.48,3.74
2026-03-15,Day,DRYER_2,720,38,181,29.0,209.4,6.14,2.17
2026-03-15,Night,DRYER_1,720,171,13,26.0,200.05,6.42,2.41
2026-03-15,Night,DRYER_2,720,28,0,29.0,301.39,7.16,4.66
2026-03-16,Day,DRYER_1,720,94,115,26.0,186.26,5.01,2.54
2026-03-16,Day,DRYER_2,720,55,0,29.0,287.64,9.01,4.55
2026-03-16,Night,DRYER_1,720,10,43,26.0,245.97,6.14,1.33
2026-03-16,Night,DRYER_2,720,39,0,29.0,295.41,9.12,2.7
2026-03-17,Day,DRYER_1,720,107,0,26.0,235.45,6.16,3.98
2026-03-17,Day,DRYER_2,720,32,0,29.0,291.74,9.96,1.73
2026-03-17,Night,DRYER_1,720,86,104,26.0,195.28,4.83,2.9
2026-03-17,Night,DRYER_2,720,62,0,29.0,289.37,11.24,1.28
2026-03-18,Day,DRYER_1,720,155,84,26.0,178.69,6.85,2.76
2026-03-18,Day,DRYER_2,720,56,0,29.0,293.81,11.08,3.78
2026-03-18,Night,DRYER_1,720,72,150,26.0,187.91,5.34,2.28
2026-03-18,Night,DRYER_2,720,35,52,29.0,262.38,8.46,2.32
2026-03-19,Day,DRYER_1,720,26,0,26.0,281.28,9.04,2.58
2026-03-19,Day,DRYER_2,720,45,166,29.0,218.83,7.95,2.09
2026-03-19,Night,DRYER_1,720,48,77,26.0,237.32,7.44,3.54
2026-03-19,Night,DRYER_2,720,118,0,29.0,258.91,8.01,2.39
2026-03-20,Day,DRYER_1,720,55,90,26.0,223.78,7.12,3.58
2026-03-20,Day,DRYER_2,720,35,0,29.0,311.79,5.94,4.92
2026-03-20,Night,DRYER_1,720,41,0,26.0,257.28,5.03,4.28
2026-03-20,Night,DRYER_2,720,49,0,29.0,277.91,10.21,4.23
2026-03-21,Day,DRYER_1,720,202,0,26.0,212.0,8.14,1.7
2026-03-21,Day,DRYER_2,720,49,57,29.0,261.14,7.8,3.98
2026-03-21,Night,DRYER_1,720,17,0,26.0,257.58,5.54,3.42
2026-03-21,Night,DRYER_2,720,119,0,29.0,266.81,9.94,4.38
2026-03-22,Day,DRYER_1,240,0,0,26.0,89.6,1.13,0.59
2026-03-22,Day,DRYER_2,240,43,0,29.0,89.71,2.79,0.71
2026-03-22,Night,DRYER_1,720,79,22,26.0,218.74,3.85,3.37
2026-03-22,Night,DRYER_2,720,22,126,29.0,245.17,9.46,2.25
2026-03-23,Day,DRYER_1,720,82,34,26.0,231.11,6.78,2.29
2026-03-23,Day,DRYER_2,720,43,45,29.0,274.69,7.75,4.65
2026-03-23,Night,DRYER_1,720,59,0,26.0,248.54,10.13,0.25
2026-03-23,Night,DRYER_2,720,54,0,29.0,289.79,5.82,4.02
2026-03-24,Day,DRYER_1,720,9,0,26.0,273.26,8.1,5.06
2026-03-24,Day,DRYER_2,720,23,29,29.0,300.35,5.24,5.07
2026-03-24,Night,DRYER_1,720,30,62,26.0,240.51,4.91,2.92
2026-03-24,Night,DRYER_2,720,188,0,29.0,234.66,5.69,2.76
2026-03-25,Day,DRYER_1,720,22,0,26.0,269.41,5.59,1.71
2026-03-25,Day,DRYER_2,720,41,0,29.0,295.15,9.3,3.08
2026-03-25,Night,DRYER_1,720,37,0,26.0,246.08,6.91,1.6
2026-03-25,Night,DRYER_2,720,26,49,29.0,275.53,6.63,2.65
2026-03-26,Day,DRYER_1,720,30,0,26.0,272.44,7.5,3.89
2026-03-26,Day,DRYER_2,720,49,0,29.0,285.13,9.82,2.86
2026-03-26,Night,DRYER_1,720,92,0,26.0,247.56,6.21,3.77
2026-03-26,Night,DRYER_2,720,28,130,29.0,240.2,5.03,2.29
2026-03-27,Day,DRYER_1,720,101,0,26.0,246.52,7.19,2.71
2026-03-27,Day,DRYER_2,720,36,45,29.0,277.29,5.63,3.98
2026-03-27,Night,DRYER_1,720,34,0,26.0,254.77,9.77,0.84
2026-03-27,Night,DRYER_2,720,89,0,29.0,274.77,7.57,2.99
2026-03-28,Day,DRYER_1,720,355,0,26.0,143.0,3.35,2.26
2026-03-28,Day,DRYER_2,720,65,9,29.0,270.44,7.43,3.96
2026-03-28,Night,DRYER_1,720,38,66,26.0,232.64,9.55,3.0
2026-03-28,Night,DRYER_2,720,82,75,29.0,249.03,9.59,1.05
2026-03-29,Day,DRYER_1,720,114,0,26.0,237.09,9.06,3.06
2026-03-29,Day,DRYER_2,720,111,72,29.0,230.93,6.73,3.35
2026-03-29,Night,DRYER_1,720,33,0,26.0,256.14,9.03,4.1
2026-03-29,Night,DRYER_2,720,18,0,29.0,307.81,7.15,2.63
2026-03-30,Day,DRYER_1,720,35,0,26.0,268.51,8.73,1.96
2026-03-30,Day,DRYER_2,720,48,0,29.0,292.73,9.93,3.44
2026-03-30,Night,DRYER_1,720,123,48,26.0,207.85,4.3,2.52
2026-03-30,Night,DRYER_2,720,139,0,29.0,245.74,9.51,3.14
2026-03-31,Day,DRYER_1,720,14,0,26.0,281.11,7.47,1.48
2026-03-31,Day,DRYER_2,720,144,0,29.0,250.66,7.05,2.73
2026-03-31,Night,DRYER_1,720,102,26,26.0,213.17,7.53,2.24
2026-03-31,Night,DRYER_2,720,45,0,29.0,284.14,7.5,1.88
2026-04-01,Day,DRYER_1,720,74,0,26.0,255.08,8.79,2.14
2026-04-01,Day,DRYER_2,720,57,0,29.0,291.71,6.1,3.58
2026-04-01,Night,DRYER_1,720,36,0,26.0,253.06,10.61,2.08
2026-04-01,Night,DRYER_2,720,86,0,29.0,274.65,8.75,3.02
2026-04-02,Day,DRYER_1,720,97,0,26.0,243.22,6.16,2.2
2026-04-02,Day,DRYER_2,720,99,47,29.0,253.16,7.98,3.47
2026-04-02,Night,DRYER_1,720,19,54,26.0,239.48,7.59,3.18
2026-04-02,Night,DRYER_2,720,30,36,29.0,282.87,9.75,2.85
2026-04-03,Day,DRYER_1,720,69,0,26.0,243.61,11.52,1.58
2026-04-03,Day,DRYER_2,720,61,0,29.0,278.2,9.9,2.88
2026-04-03,Night,DRYER_1,720,74,0,26.0,249.63,7.07,3.62
2026-04-03,Night,DRYER_2,720,48,0,29.0,300.44,8.8,3.2
2026-04-04,Day,DRYER_1,720,20,6,26.0,272.33,8.25,4.41
2026-04-04,Day,DRYER_2,720,19,0,29.0,296.56,7.84,4.16
2026-04-04,Night,DRYER_1,720,23,0,26.0,250.99,9.2,3.34
2026-04-04,Night,DRYER_2,720,41,108,29.0,251.06,11.52,3.68
2026-04-05,Day,DRYER_1,720,53,0,26.0,265.96,8.06,3.03
2026-04-05,Day,DRYER_2,720,14,0,29.0,298.97,5.61,3.8
2026-04-05,Night,DRYER_1,720,153,214,26.0,129.37,4.52,1.96
2026-04-05,Night,DRYER_2,720,41,175,29.0,213.12,6.51,2.7
2026-04-06,Day,DRYER_1,720,42,0,26.0,258.94,7.0,0.26
2026-04-06,Day,DRYER_2,720,104,51,29.0,242.35,8.27,2.88
2026-04-06,Night,DRYER_1,720,30,0,26.0,256.25,5.27,2.51
2026-04-06,Night,DRYER_2,720,17,28,29.0,285.1,7.97,3.15
2026-04-07,Day,DRYER_1,720,43,97,26.0,223.31,6.33,3.82
2026-04-07,Day,DRYER_2,720,71,41,29.0,256.16,6.5,3.4
2026-04-07,Night,DRYER_1,720,70,71,26.0,224.89,7.56,3.02
2026-04-07,Night,DRYER_2,720,22,57,29.0,271.39,8.55,2.52
2026-04-08,Day,DRYER_1,720,40,0,26.0,261.63,7.06,2.45
2026-04-08,Day,DRYER_2,720,15,0,29.0,313.05,6.07,3.6
2026-04-08,Night,DRYER_1,720,122,0,26.0,230.05,5.94,3.4
2026-04-08,Night,DRYER_2,720,68,0,29.0,297.38,10.3,3.47
2026-04-09,Day,DRYER_1,720,120,0,26.0,235.32,9.52,1.72
2026-04-09,Day,DRYER_2,720,14,153,29.0,234.74,7.0,1.84
2026-04-09,Night,DRYER_1,720,94,0,26.0,235.63,6.95,2.54
2026-04-09,Night,DRYER_2,720,252,0,29.0,200.12,8.61,1.39
2026-04-10,Day,DRYER_1,720,62,59,26.0,227.95,4.08,3.04
2026-04-10,Day,DRYER_2,720,2,0,29.0,316.83,4.67,0.84
2026-04-10,Night,DRYER_1,720,56,56,26.0,222.21,6.54,3.18
2026-04-10,Night,DRYER_2,720,53,0,29.0,297.41,8.54,4.45
2026-04-11,Day,DRYER_1,720,46,109,26.0,218.21,7.85,2.85
2026-04-11,Day,DRYER_2,720,115,25,29.0,251.73,9.67,2.99
2026-04-11,Night,DRYER_1,720,29,39,26.0,244.06,4.66,3.55
2026-04-11,Night,DRYER_2,720,46,0,29.0,291.06,8.3,1.77
2026-04-12,Day,DRYER_1,240,69,0,26.0,62.17,1.01,0.38
2026-04-12,Day,DRYER_2,240,34,18,29.0,82.01,1.67,0.99
2026-04-12,Night,DRYER_1,720,11,0,26.0,274.72,4.32,0.91
2026-04-12,Night,DRYER_2,720,63,0,29.0,289.22,10.95,5.44
2026-04-13,Day,DRYER_1,720,59,0,26.0,262.68,9.25,3.17
2026-04-13,Day,DRYER_2,720,41,0,29.0,295.45,6.43,2.29
2026-04-13,Night,DRYER_1,720,24,91,26.0,219.33,8.39,3.39
2026-04-13,Night,DRYER_2,720,49,0,29.0,286.93,9.12,1.94
2026-04-14,Day,DRYER_1,720,5,0,26.0,273.45,4.82,1.24
2026-04-14,Day,DRYER_2,720,20,0,29.0,301.05,10.59,2.26
2026-04-14,Night,DRYER_1,720,62,0,26.0,246.77,7.54,1.06
2026-04-14,Night,DRYER_2,720,15,0,29.0,306.72,6.82,3.42
2026-04-15,Day,DRYER_1,720,59,28,26.0,248.0,7.9,3.31
2026-04-15,Day,DRYER_2,720,42,0,29.0,281.74,13.15,2.84
2026-04-15,Night,DRYER_1,720,72,41,26.0,234.42,8.33,3.91
2026-04-15,Night,DRYER_2,720,42,0,29.0,292.39,9.05,1.36
2026-04-16,Day,DRYER_1,720,99,40,26.0,236.23,3.96,1.54
2026-04-16,Day,DRYER_2,720,69,218,29.0,184.83,5.95,1.69
2026-04-16,Night,DRYER_1,720,10,43,26.0,251.79,6.06,2.09
2026-04-16,Night,DRYER_2,720,83,0,29.0,276.31,7.71,2.88
2026-04-17,Day,DRYER_1,720,98,0,26.0,244.93,6.56,4.58
2026-04-17,Day,DRYER_2,720,19,49,29.0,275.91,8.31,0.28
2026-04-17,Night,DRYER_1,720,70,37,26.0,242.66,3.35,1.11
2026-04-17,Night,DRYER_2,720,8,0,29.0,302.19,5.79,3.61
2026-04-18,Day,DRYER_1,720,115,0,26.0,234.87,8.92,1.65
2026-04-18,Day,DRYER_2,720,62,20,29.0,287.17,9.09,2.87
2026-04-18,Night,DRYER_1,720,99,0,26.0,232.52,6.62,3.38
2026-04-18,Night,DRYER_2,720,20,101,29.0,269.36,4.13,1.18
2026-04-19,Day,DRYER_1,720,23,39,26.0,255.57,9.26,3.96
2026-04-19,Day,DRYER_2,720,42,0,29.0,302.4,10.6,2.79
2026-04-19,Night,DRYER_1,720,226,0,26.0,187.34,7.75,2.55
2026-04-19,Night,DRYER_2,720,105,0,29.0,268.42,11.24,3.14
2026-04-20,Day,DRYER_1,720,52,161,26.0,194.8,5.25,1.34
2026-04-20,Day,DRYER_2,720,43,71,29.0,261.99,10.71,1.37
2026-04-20,Night,DRYER_1,720,244,0,26.0,175.7,6.49,2.36
2026-04-20,Night,DRYER_2,720,35,0,29.0,294.72,8.52,4.32
2026-04-21,Day,DRYER_1,720,32,0,26.0,266.73,7.39,1.43
2026-04-21,Day,DRYER_2,720,33,0,29.0,304.73,9.7,4.83
2026-04-21,Night,DRYER_1,720,62,0,26.0,248.31,5.61,3.55
2026-04-21,Night,DRYER_2,720,23,0,29.0,316.96,10.11,2.96
2026-04-22,Day,DRYER_1,720,137,31,26.0,211.04,9.26,1.8
2026-04-22,Day,DRYER_2,720,24,87,29.0,264.25,6.76,3.93
2026-04-22,Night,DRYER_1,720,42,0,26.0,248.36,6.4,3.32
2026-04-22,Night,DRYER_2,720,123,17,29.0,252.77,9.47,1.96
2026-04-23,Day,DRYER_1,720,46,97,26.0,230.3,5.88,4.87
2026-04-23,Day,DRYER_2,720,18,67,29.0,254.86,6.57,2.99
2026-04-23,Night,DRYER_1,720,182,0,26.0,195.79,6.76,3.49
2026-04-23,Night,DRYER_2,720,61,24,29.0,271.21,13.99,4.1
2026-04-24,Day,DRYER_1,720,35,104,26.0,230.49,2.02,3.5
2026-04-24,Day,DRYER_2,720,45,0,29.0,283.99,7.28,0.31
2026-04-24,Night,DRYER_1,720,67,0,26.0,239.78,7.09,3.07
2026-04-24,Night,DRYER_2,720,64,0,29.0,278.53,9.5,2.66
2026-04-25,Day,DRYER_1,720,112,36,26.0,229.74,8.58,2.13
2026-04-25,Day,DRYER_2,720,37,0,29.0,305.05,8.15,3.23
2026-04-25,Night,DRYER_1,720,12,0,26.0,269.3,6.24,4.11
2026-04-25,Night,DRYER_2,720,19,0,29.0,298.69,3.8,5.32
2026-04-26,Day,DRYER_1,240,30,47,26.0,62.37,1.51,1.1
2026-04-26,Day,DRYER_2,240,6,0,29.0,99.05,2.37,0.68
2026-04-26,Night,DRYER_1,720,105,0,26.0,236.68,8.21,4.45
2026-04-26,Night,DRYER_2,720,10,0,29.0,304.21,4.49,2.58
2026-04-27,Day,DRYER_1,720,94,0,26.0,242.24,6.62,2.72
2026-04-27,Day,DRYER_2,720,38,0,29.0,318.91,8.27,4.54
2026-04-27,Night,DRYER_1,720,41,0,26.0,237.84,4.47,2.39
2026-04-27,Night,DRYER_2,720,30,0,29.0,305.11,11.34,5.06
2026-04-28,Day,DRYER_1,720,39,12,26.0,263.99,5.13,4.07
2026-04-28,Day,DRYER_2,720,48,0,29.0,294.93,7.06,3.94
2026-04-28,Night,DRYER_1,720,8,0,26.0,267.69,4.87,3.22
2026-04-28,Night,DRYER_2,720,98,0,29.0,281.52,8.95,4.06
2026-04-29,Day,DRYER_1,720,84,0,26.0,242.33,10.57,1.71
2026-04-29,Day,DRYER_2,720,49,57,29.0,268.83,9.19,2.99
2026-04-29,Night,DRYER_1,720,113,16,26.0,214.89,3.78,1.3
2026-04-29,Night,DRYER_2,720,88,77,29.0,252.67,7.93,2.23
2026-04-30,Day,DRYER_1,720,34,0,26.0,273.67,8.29,2.2
2026-04-30,Day,DRYER_2,720,14,0,29.0,299.38,6.73,3.94
2026-04-30,Night,DRYER_1,720,59,0,26.0,249.96,7.55,3.22
2026-04-30,Night,DRYER_2,720,18,0,29.0,306.71,7.51,4.13
2026-05-01,Day,DRYER_1,720,62,0,26.0,262.39,10.06,1.4
2026-05-01,Day,DRYER_2,720,176,0,29.0,236.27,7.65,1.61
2026-05-01,Night,DRYER_1,720,10,153,26.0,205.27,3.11,0.96
2026-05-01,Night,DRYER_2,720,47,0,29.0,296.94,7.42,1.93
2026-05-02,Day,DRYER_1,720,81,28,26.0,244.62,11.83,2.24
2026-05-02,Day,DRYER_2,720,26,0,29.0,317.73,7.64,1.2
2026-05-02,Night,DRYER_1,720,49,0,26.0,247.6,5.7,2.79
2026-05-02,Night,DRYER_2,720,21,88,29.0,269.25,7.43,4.06
2026-05-03,Day,DRYER_1,720,65,177,26.0,190.89,6.18,2.34
2026-05-03,Day,DRYER_2,720,45,0,29.0,290.27,9.63,3.53
2026-05-03,Night,DRYER_1,720,27,0,26.0,249.29,7.78,3.07
2026-05-03,Night,DRYER_2,720,46,0,29.0,298.42,8.33,4.22
2026-05-04,Day,DRYER_1,720,12,0,26.0,289.23,5.1,5.22
2026-05-04,Day,DRYER_2,720,12,0,29.0,310.57,7.35,4.54
2026-05-04,Night,DRYER_1,720,59,64,26.0,220.64,7.84,1.46
2026-05-04,Night,DRYER_2,720,36,40,29.0,277.02,6.33,4.16
2026-05-05,Day,DRYER_1,720,41,154,26.0,209.06,6.98,0.75
2026-05-05,Day,DRYER_2,720,56,184,29.0,206.23,5.52,2.77
2026-05-05,Night,DRYER_1,720,23,227,26.0,166.04,6.04,1.31
2026-05-05,Night,DRYER_2,720,198,61,29.0,206.56,7.73,2.0
2026-05-06,Day,DRYER_1,720,181,19,26.0,208.96,7.02,2.8
2026-05-06,Day,DRYER_2,720,32,0,29.0,305.68,6.87,3.81
2026-05-06,Night,DRYER_1,720,39,0,26.0,247.36,6.66,3.08
2026-05-06,Night,DRYER_2,720,5,0,29.0,311.6,5.42,2.41
2026-05-07,Day,DRYER_1,720,17,0,26.0,276.76,6.32,3.58
2026-05-07,Day,DRYER_2,720,75,18,29.0,274.61,11.25,3.44
2026-05-07,Night,DRYER_1,720,36,0,26.0,248.26,5.74,1.11
2026-05-07,Night,DRYER_2,720,308,0,29.0,184.35,5.08,2.12
2026-05-08,Day,DRYER_1,720,61,0,26.0,265.07,10.29,3.33
2026-05-08,Day,DRYER_2,720,85,30,29.0,257.77,9.85,4.83
2026-05-08,Night,DRYER_1,720,24,0,26.0,266.64,4.63,4.74
2026-05-08,Night,DRYER_2,720,60,133,29.0,235.43,9.52,2.89
2026-05-09,Day,DRYER_1,720,43,0,26.0,263.26,8.8,2.87
2026-05-09,Day,DRYER_2,720,52,54,29.0,273.14,6.87,2.18
2026-05-09,Night,DRYER_1,720,70,0,26.0,247.39,3.91,1.66
2026-05-09,Night,DRYER_2,720,47,33,29.0,283.64,9.95,2.77
2026-05-10,Day,DRYER_1,240,96,0,26.0,55.82,1.62,0.27
2026-05-10,Day,DRYER_2,240,10,106,29.0,54.05,1.16,0.68
2026-05-10,Night,DRYER_1,720,28,0,26.0,265.33,9.36,0.27
2026-05-10,Night,DRYER_2,720,2,100,29.0,268.48,6.21,1.43
2026-05-11,Day,DRYER_1,480,56,0,26.0,164.64,5.05,0.77
2026-05-11,Day,DRYER_2,480,45,43,29.0,173.0,5.79,1.0
2026-05-11,Night,DRYER_1,480,300,49,26.0,48.37,1.34,0.05
2026-05-11,Night,DRYER_2,480,25,0,29.0,213.35,5.5,3.19
2026-05-12,Day,DRYER_1,480,84,0,26.0,155.57,5.78,1.87
2026-05-12,Day,DRYER_2,480,79,0,29.0,176.03,4.58,0.87
2026-05-12,Night,DRYER_1,480,9,0,26.0,176.4,3.3,2.96
2026-05-12,Night,DRYER_2,480,59,62,29.0,157.97,3.77,1.71
2026-05-13,Day,DRYER_1,480,123,0,26.0,141.83,4.0,2.23
2026-05-13,Day,DRYER_2,480,30,0,29.0,195.64,2.67,2.24
2026-05-13,Night,DRYER_1,480,172,43,26.0,98.85,3.34,0.82
2026-05-13,Night,DRYER_2,480,23,21,29.0,194.52,8.38,3.17
2026-05-14,Day,DRYER_1,480,30,33,26.0,167.73,3.71,2.46
2026-05-14,Day,DRYER_2,480,20,20,29.0,196.6,2.94,1.59
2026-05-14,Night,DRYER_1,480,44,0,26.0,164.56,3.87,2.36
2026-05-14,Night,DRYER_2,480,50,0,29.0,194.39,6.51,3.07
2026-05-15,Day,DRYER_1,480,252,41,26.0,73.04,2.72,0.57
2026-05-15,Day,DRYER_2,480,26,0,29.0,203.17,5.62,1.78
2026-05-15,Night,DRYER_1,480,3,79,26.0,153.08,3.24,2.47
2026-05-15,Night,DRYER_2,480,20,0,29.0,212.7,4.82,3.41
2026-05-16,Day,DRYER_1,480,17,0,26.0,188.44,4.91,1.86
2026-05-16,Day,DRYER_2,480,190,0,29.0,124.52,3.62,1.08
2026-05-16,Night,DRYER_1,480,60,54,26.0,132.92,3.36,1.83
2026-05-16,Night,DRYER_2,480,140,0,29.0,145.38,4.14,2.01
2026-05-17,Day,DRYER_1,480,108,31,26.0,130.45,2.24,1.21
2026-05-17,Day,DRYER_2,480,18,0,29.0,206.55,4.44,4.39
2026-05-17,Night,DRYER_1,480,55,0,26.0,164.2,6.22,1.6
2026-05-17,Night,DRYER_2,480,228,0,29.0,109.99,6.34,1.27
2026-05-18,Day,DRYER_1,480,5,0,26.0,192.01,3.51,1.35
2026-05-18,Day,DRYER_2,480,118,0,29.0,158.5,4.18,1.84
2026-05-18,Night,DRYER_1,480,36,0,26.0,168.59,2.84,3.08
2026-05-18,Night,DRYER_2,480,33,0,29.0,190.64,6.09,1.79
2026-05-19,Day,DRYER_1,480,10,0,26.0,194.95,3.63,3.54
2026-05-19,Day,DRYER_2,480,4,34,29.0,181.08,3.0,2.74
2026-05-19,Night,DRYER_1,480,35,76,26.0,136.33,5.98,1.04
2026-05-19,Night,DRYER_2,480,18,0,29.0,202.73,5.78,2.35
2026-05-20,Day,DRYER_1,480,12,0,26.0,182.83,3.55,1.61
2026-05-20,Day,DRYER_2,480,5,0,29.0,218.6,3.32,4.48
2026-05-20,Night,DRYER_1,480,25,0,26.0,172.93,3.03,2.59
2026-05-20,Night,DRYER_2,480,57,200,29.0,100.3,1.72,0.43
2026-05-21,Day,DRYER_1,480,37,0,26.0,172.78,4.36,1.59
2026-05-21,Day,DRYER_2,480,30,37,29.0,180.72,6.6,2.98
2026-05-21,Night,DRYER_1,480,24,0,26.0,170.92,5.39,1.77
2026-05-21,Night,DRYER_2,480,23,32,29.0,186.39,4.37,2.89
2026-05-22,Day,DRYER_1,480,18,0,26.0,183.73,4.21,1.96
2026-05-22,Day,DRYER_2,480,6,56,29.0,183.92,2.8,1.04
2026-05-22,Night,DRYER_1,480,15,0,26.0,172.54,3.53,1.53
2026-05-22,Night,DRYER_2,480,4,30,29.0,201.02,4.25,3.93
2026-05-23,Day,DRYER_1,720,20,0,26.0,285.14,7.5,3.01
2026-05-23,Day,DRYER_2,720,54,0,29.0,292.6,11.43,2.46
2026-05-23,Night,DRYER_1,720,20,96,26.0,226.45,7.39,2.2
2026-05-23,Night,DRYER_2,720,19,0,29.0,297.19,6.15,2.31
2026-05-24,Day,DRYER_1,240,5,0,26.0,93.38,2.03,1.6
2026-05-24,Day,DRYER_2,240,21,20,29.0,89.76,2.32,1.03
2026-05-24,Night,DRYER_1,720,213,0,26.0,192.45,7.67,2.67
2026-05-24,Night,DRYER_2,720,37,18,29.0,304.64,9.0,0.94
2026-05-25,Day,DRYER_1,720,30,24,26.0,276.5,7.52,1.38
2026-05-25,Day,DRYER_2,720,144,0,29.0,245.42,5.72,2.27
2026-05-25,Night,DRYER_1,720,166,29,26.0,196.3,5.44,2.24
2026-05-25,Night,DRYER_2,720,12,0,29.0,317.1,8.05,2.6
2026-05-26,Day,DRYER_1,720,27,45,26.0,254.58,6.4,2.98
2026-05-26,Day,DRYER_2,720,33,40,29.0,275.65,6.37,2.86
2026-05-26,Night,DRYER_1,720,24,30,26.0,246.9,7.4,2.98
2026-05-26,Night,DRYER_2,720,66,0,29.0,309.92,11.39,3.49
2026-05-27,Day,DRYER_1,720,34,0,26.0,268.31,12.54,3.96
2026-05-27,Day,DRYER_2,720,117,0,29.0,267.97,6.35,3.35
2026-05-27,Night,DRYER_1,720,16,0,26.0,257.12,9.54,3.5
2026-05-27,Night,DRYER_2,720,82,0,29.0,279.94,8.72,2.34
2026-05-28,Day,DRYER_1,720,28,0,26.0,278.32,5.94,2.13
2026-05-28,Day,DRYER_2,720,22,42,29.0,295.17,9.31,3.92
2026-05-28,Night,DRYER_1,720,111,0,26.0,228.41,6.57,3.3
2026-05-28,Night,DRYER_2,720,105,0,29.0,280.01,8.69,3.45
2026-05-29,Day,DRYER_1,720,189,0,26.0,219.61,10.1,2.18
2026-05-29,Day,DRYER_2,720,16,0,29.0,306.14,7.9,2.14
2026-05-29,Night,DRYER_1,720,46,59,26.0,238.64,6.32,2.35
2026-05-29,Night,DRYER_2,720,24,0,29.0,306.62,4.72,4.89
2026-05-30,Day,DRYER_1,720,74,162,26.0,195.39,5.91,2.05
2026-05-30,Day,DRYER_2,720,63,43,29.0,273.39,11.0,3.37
2026-05-30,Night,DRYER_1,720,165,143,26.0,157.52,6.18,1.35
2026-05-30,Night,DRYER_2,720,17,39,29.0,299.88,7.95,3.03
2026-05-31,Day,DRYER_1,720,30,53,26.0,251.02,5.98,3.09
2026-05-31,Day,DRYER_2,720,48,0,29.0,311.36,5.63,5.0
2026-05-31,Night,DRYER_1,720,3,30,26.0,255.66,5.38,2.03
2026-05-31,Night,DRYER_2,720,63,59,29.0,254.02,9.45,0.25
2026-06-01,Day,DRYER_1,720,36,0,26.0,289.38,6.96,0.77
2026-06-01,Day,DRYER_2,720,28,0,29.0,299.46,5.45,0.3
2026-06-01,Night,DRYER_1,720,103,64,26.0,196.31,7.47,1.9
2026-06-01,Night,DRYER_2,720,10,0,29.0,323.3,9.95,1.83
2026-06-02,Day,DRYER_1,720,38,0,26.0,273.84,7.97,2.22
2026-06-02,Day,DRYER_2,720,43,14,29.0,295.24,10.16,2.67
2026-06-02,Night,DRYER_1,720,65,0,26.0,234.44,9.87,2.91
2026-06-02,Night,DRYER_2,720,22,0,29.0,311.36,8.88,3.31
2026-06-03,Day,DRYER_1,720,63,0,26.0,257.92,7.7,4.04
2026-06-03,Day,DRYER_2,720,79,92,29.0,235.93,9.13,3.05
2026-06-03,Night,DRYER_1,720,20,0,26.0,265.12,8.59,4.94
2026-06-03,Night,DRYER_2,720,55,0,29.0,291.43,11.8,1.88
2026-06-04,Day,DRYER_1,720,97,0,26.0,251.64,9.71,3.34
2026-06-04,Day,DRYER_2,720,17,0,29.0,305.54,6.26,3.42
2026-06-04,Night,DRYER_1,720,26,43,26.0,247.04,5.58,0.8
2026-06-04,Night,DRYER_2,720,23,25,29.0,289.95,7.34,3.77
2026-06-05,Day,DRYER_1,720,89,0,26.0,249.48,9.39,3.09
2026-06-05,Day,DRYER_2,720,98,0,29.0,275.79,7.23,1.35
2026-06-05,Night,DRYER_1,720,46,0,26.0,256.25,4.32,2.32
2026-06-05,Night,DRYER_2,720,91,45,29.0,265.73,8.19,1.83
2026-06-06,Day,DRYER_1,720,43,0,26.0,268.43,8.22,1.49
2026-06-06,Day,DRYER_2,720,12,10,29.0,302.85,6.56,2.28
2026-06-06,Night,DRYER_1,720,51,0,26.0,242.54,5.69,1.45
2026-06-06,Night,DRYER_2,720,56,0,29.0,303.04,11.57,4.08
2026-06-07,Day,DRYER_1,720,370,26,26.0,127.27,4.82,1.62
2026-06-07,Day,DRYER_2,720,25,0,29.0,295.21,6.95,3.15
2026-06-07,Night,DRYER_1,720,27,0,26.0,238.68,6.23,2.63
2026-06-07,Night,DRYER_2,720,17,0,29.0,325.26,10.27,4.58
2026-06-08,Day,DRYER_1,720,29,0,26.0,274.04,6.38,4.37
2026-06-08,Day,DRYER_2,720,183,35,29.0,221.72,7.45,2.68
2026-06-08,Night,DRYER_1,720,23,0,26.0,258.16,4.83,2.37
2026-06-08,Night,DRYER_2,720,22,78,29.0,271.95,10.54,1.18
2026-06-09,Day,DRYER_1,720,26,0,26.0,261.62,8.44,3.17
2026-06-09,Day,DRYER_2,720,6,0,29.0,311.09,3.07,2.17
2026-06-09,Night,DRYER_1,720,66,97,26.0,211.13,4.96,3.04
2026-06-09,Night,DRYER_2,720,62,0,29.0,300.66,6.63,5.86
2026-06-10,Day,DRYER_1,720,54,207,26.0,176.85,5.0,1.02
2026-06-10,Day,DRYER_2,720,57,140,29.0,239.08,8.47,3.47
2026-06-10,Night,DRYER_1,720,63,0,26.0,250.56,6.45,2.02
2026-06-10,Night,DRYER_2,720,176,21,29.0,242.52,7.67,2.49
2026-06-11,Day,DRYER_1,720,69,120,26.0,215.13,7.34,3.36
2026-06-11,Day,DRYER_2,720,89,0,29.0,280.97,7.07,3.29
2026-06-11,Night,DRYER_1,720,26,70,26.0,228.32,6.8,5.55
2026-06-11,Night,DRYER_2,720,31,0,29.0,296.21,10.4,1.13
2026-06-12,Day,DRYER_1,720,181,31,26.0,207.38,4.12,2.09
2026-06-12,Day,DRYER_2,720,13,59,29.0,287.56,10.68,3.7
2026-06-12,Night,DRYER_1,720,71,15,26.0,239.65,8.1,3.86
2026-06-12,Night,DRYER_2,720,18,0,29.0,322.06,8.25,4.52
2026-06-13,Day,DRYER_1,720,41,0,26.0,257.54,3.53,3.29
2026-06-13,Day,DRYER_2,720,98,37,29.0,266.19,6.77,2.14
2026-06-13,Night,DRYER_1,720,5,82,26.0,230.79,1.91,2.14
2026-06-13,Night,DRYER_2,720,87,0,29.0,289.78,6.21,0.78
2026-06-14,Day,DRYER_1,240,22,0,26.0,85.99,2.67,0.94
2026-06-14,Day,DRYER_2,240,4,0,29.0,100.51,1.55,0.71
2026-06-14,Night,DRYER_1,720,125,104,26.0,172.82,4.56,2.08
2026-06-14,Night,DRYER_2,720,32,0,29.0,293.48,4.85,2.21
2026-06-15,Day,DRYER_1,720,165,38,26.0,199.69,8.96,3.53
2026-06-15,Day,DRYER_2,720,74,0,29.0,292.14,7.24,4.92
2026-06-15,Night,DRYER_1,720,76,26,26.0,233.8,6.02,1.27
2026-06-15,Night,DRYER_2,720,76,0,29.0,283.88,9.38,3.81
2026-06-16,Day,DRYER_1,720,80,0,26.0,255.72,9.14,4.09
2026-06-16,Day,DRYER_2,720,58,0,29.0,290.96,4.91,0.78
2026-06-16,Night,DRYER_1,720,59,0,26.0,239.05,8.84,3.37
2026-06-16,Night,DRYER_2,720,48,0,29.0,290.75,9.44,3.14
2026-06-17,Day,DRYER_1,720,40,0,26.0,272.62,9.54,5.27
2026-06-17,Day,DRYER_2,720,137,0,29.0,263.2,8.88,2.45
2026-06-17,Night,DRYER_1,720,10,30,26.0,250.73,5.76,2.73
2026-06-17,Night,DRYER_2,720,86,0,29.0,276.3,9.1,4.04
2026-06-18,Day,DRYER_1,720,29,0,26.0,268.86,7.31,2.53
2026-06-18,Day,DRYER_2,720,110,0,29.0,266.65,5.09,3.09
2026-06-18,Night,DRYER_1,720,80,38,26.0,222.32,4.84,3.06
2026-06-18,Night,DRYER_2,720,235,119,29.0,162.17,6.21,1.34
2026-06-19,Day,DRYER_1,720,41,33,26.0,254.65,7.57,3.15
2026-06-19,Day,DRYER_2,720,84,0,29.0,290.4,11.95,3.81
2026-06-19,Night,DRYER_1,720,50,40,26.0,230.02,9.86,2.32
2026-06-19,Night,DRYER_2,720,203,0,29.0,230.28,7.67,3.53
2026-06-20,Day,DRYER_1,720,31,74,26.0,244.55,7.54,1.03
2026-06-20,Day,DRYER_2,720,69,14,29.0,286.42,5.66,4.3
2026-06-20,Night,DRYER_1,720,80,0,26.0,243.67,7.18,2.6
2026-06-20,Night,DRYER_2,720,91,0,29.0,286.08,7.81,3.51
2026-06-21,Day,DRYER_1,720,19,40,26.0,265.96,7.95,4.96
2026-06-21,Day,DRYER_2,720,12,15,29.0,314.86,12.26,4.78
2026-06-21,Night,DRYER_1,720,63,0,26.0,243.17,9.07,2.23
2026-06-21,Night,DRYER_2,720,42,0,29.0,308.95,12.75,6.23
2026-06-22,Day,DRYER_1,720,18,34,26.0,259.96,7.94,3.54
2026-06-22,Day,DRYER_2,720,118,0,29.0,265.86,8.27,3.88
2026-06-22,Night,DRYER_1,720,58,0,26.0,240.24,5.22,1.7
2026-06-22,Night,DRYER_2,720,14,0,29.0,311.66,7.02,3.36
2026-06-23,Day,DRYER_1,720,14,0,26.0,271.0,5.18,4.05
2026-06-23,Day,DRYER_2,720,59,146,29.0,228.13,7.31,0.23
2026-06-23,Night,DRYER_1,720,52,0,26.0,238.31,8.97,2.94
2026-06-23,Night,DRYER_2,720,12,0,29.0,325.61,6.9,2.55
2026-06-24,Day,DRYER_1,720,19,34,26.0,271.46,6.93,4.65
2026-06-24,Day,DRYER_2,720,9,0,29.0,318.39,4.56,3.28
2026-06-24,Night,DRYER_1,720,15,106,26.0,226.81,6.27,1.11
2026-06-24,Night,DRYER_2,720,24,0,29.0,305.64,11.41,1.54
2026-06-25,Day,DRYER_1,720,83,18,26.0,241.67,10.16,1.69
2026-06-25,Day,DRYER_2,720,16,0,29.0,302.53,6.19,5.3
2026-06-25,Night,DRYER_1,720,114,63,26.0,207.95,6.04,3.73
2026-06-25,Night,DRYER_2,720,47,0,29.0,292.45,6.87,1.26
2026-06-26,Day,DRYER_1,720,69,0,26.0,262.93,7.6,2.95
2026-06-26,Day,DRYER_2,720,62,18,29.0,290.71,9.57,3.84
2026-06-26,Night,DRYER_1,720,141,0,26.0,213.34,7.87,2.2
2026-06-26,Night,DRYER_2,720,35,0,29.0,307.55,8.66,2.75
2026-06-27,Day,DRYER_1,720,62,0,26.0,261.54,6.15,3.55
2026-06-27,Day,DRYER_2,720,53,0,29.0,280.13,14.51,2.53
2026-06-27,Night,DRYER_1,720,175,0,26.0,197.35,6.13,4.68
2026-06-27,Night,DRYER_2,720,51,35,29.0,275.26,6.22,2.15
2026-06-28,Day,DRYER_1,240,0,56,26.0,75.62,1.29,1.27
2026-06-28,Day,DRYER_2,240,0,31,29.0,94.62,1.39,1.67
2026-06-28,Night,DRYER_1,720,197,0,26.0,193.66,7.67,2.56
2026-06-28,Night,DRYER_2,720,144,0,29.0,247.29,6.38,1.42
2026-06-29,Day,DRYER_1,720,35,0,26.0,282.43,6.65,5.22
2026-06-29,Day,DRYER_2,720,31,0,29.0,294.91,11.11,2.83
2026-06-29,Night,DRYER_1,720,23,57,26.0,243.23,6.05,2.43
2026-06-29,Night,DRYER_2,720,69,0,29.0,293.04,6.14,2.24
2026-06-30,Day,DRYER_1,720,147,0,26.0,230.49,8.97,1.72
2026-06-30,Day,DRYER_2,720,15,0,29.0,320.14,7.07,2.66
2026-06-30,Night,DRYER_1,720,104,0,26.0,226.8,7.34,3.9
2026-06-30,Night,DRYER_2,720,28,167,29.0,239.66,7.35,1.97
